hour,total_power_mw,it_power_mw,gpu_power_mw,gpu_utilization,pue,workload_utils,hour_of_day,day_of_week
0,19.656827256377408,16.380689380314507,14.62561551813795,0.4178747290896557,1.2,"{'llm': np.float64(0.1125357153204958), 'training': np.float64(0.7580700091996996), 'moe': np.float64(0.3481621964078879)}",0,0
1,17.269789643456768,14.391491369547307,12.849545865667237,0.36712988187620677,1.2,"{'llm': np.float64(0.0756169555339138), 'training': np.float64(0.7627342900981819), 'moe': np.float64(0.158946918116842)}",1,0
2,21.72078884637924,18.1006573719827,16.161301224984552,0.4617514635709872,1.2,"{'llm': np.float64(0.08331809216468458), 'training': np.float64(0.8088069302759018), 'moe': np.float64(0.5245072729737628)}",2,0
3,22.642606414293002,18.868838678577504,16.847177391587056,0.4813479254739159,1.2,"{'llm': np.float64(0.2340953701372288), 'training': np.float64(0.7997588455055635), 'moe': np.float64(0.3390311960839948)}",3,0
4,18.622923153162702,15.519102627635586,13.856341631817486,0.3958954751947853,1.2,"{'llm': np.float64(0.07424272277627635), 'training': np.float64(0.8083047733743068), 'moe': np.float64(0.21438238367276)}",4,0
5,20.373345839350183,16.977788199458487,15.15873946380222,0.4331068418229206,1.2,"{'llm': np.float64(0.11109371175115584), 'training': np.float64(0.7633632077264676), 'moe': np.float64(0.41662037015935605)}",5,0
6,19.591694469645635,16.32641205803803,14.57715362324824,0.4164901035213783,1.2,"{'llm': np.float64(0.09213480415791242), 'training': np.float64(0.7682469340275497), 'moe': np.float64(0.36168704123596684)}",6,0
7,18.88065171119865,15.733876425998874,14.048103951784707,0.4013743986224202,1.2,"{'llm': np.float64(0.07079345297625649), 'training': np.float64(0.7261649063413781), 'moe': np.float64(0.4129552744768316)}",7,0
8,16.54935823552446,13.791131862937048,12.313510591908077,0.35181458834023077,1.2,"{'llm': np.float64(0.08861074625809746), 'training': np.float64(0.6920732865775532), 'moe': np.float64(0.19770487602985237)}",8,0
9,15.709179917174676,13.09098326431223,11.68837791456449,0.3339536547018426,1.2,"{'llm': np.float64(0.08968977981821954), 'training': np.float64(0.6363770509179276), 'moe': np.float64(0.2176346120369182)}",9,0
10,17.725511468879827,14.771259557399855,13.188624604821298,0.3768178458520371,1.2,"{'llm': np.float64(0.15712955639868179), 'training': np.float64(0.6188489954914398), 'moe': np.float64(0.3321321254799423)}",10,0
11,19.843580786659246,16.53631732221604,14.764569037692892,0.42184482964836834,1.2,"{'llm': np.float64(0.19696711209578255), 'training': np.float64(0.6598045649961748), 'moe': np.float64(0.39568079405792694)}",11,0
12,18.005444974898513,15.004537479082096,13.396908463466156,0.38276881324189016,1.2,"{'llm': np.float64(0.240686412531308), 'training': np.float64(0.6311601466010379), 'moe': np.float64(0.17015094794475893)}",12,0
13,18.682201880718893,15.568501567265745,13.900447827915842,0.39715565222616694,1.2,"{'llm': np.float64(0.29545443893078016), 'training': np.float64(0.6275891147912683), 'moe': np.float64(0.13969115368673765)}",13,0
14,21.120837159642242,17.600697633035203,15.714908600924288,0.4489973885978368,1.2,"{'llm': np.float64(0.26968877088843096), 'training': np.float64(0.6401339511614432), 'moe': np.float64(0.42534149888943523)}",14,0
15,19.63466646470845,16.36222205392371,14.609126833860454,0.4174036238245844,1.2,"{'llm': np.float64(0.287102763575575), 'training': np.float64(0.653080980766436), 'moe': np.float64(0.2066506304388997)}",15,0
16,20.49959121531849,17.082992679432074,15.252672035207206,0.43579062957734876,1.2,"{'llm': np.float64(0.4178052961927192), 'training': np.float64(0.6158293914463929), 'moe': np.float64(0.11168377260851936)}",16,0
17,17.716015334882297,14.763346112401916,13.18155902893028,0.37661597225515087,1.2,"{'llm': np.float64(0.2555836562449817), 'training': np.float64(0.634336767315027), 'moe': np.float64(0.10323901415573694)}",17,0
18,20.174700211888048,16.812250176573375,15.010937657654798,0.4288839330758514,1.2,"{'llm': np.float64(0.2191661001112044), 'training': np.float64(0.6588669676690492), 'moe': np.float64(0.38835352981874965)}",18,0
19,18.284561861137608,15.23713488428134,13.604584718108338,0.3887024205173811,1.2,"{'llm': np.float64(0.2674772914014764), 'training': np.float64(0.6539937772928813), 'moe': np.float64(0.10056996519818971)}",19,0
20,24.429583556222052,20.35798629685171,18.17677347933188,0.519336385123768,1.2,"{'llm': np.float64(0.3903223213257802), 'training': np.float64(0.8519079223719083), 'moe': np.float64(0.11222143822346246)}",20,0
21,15.567442441640845,12.972868701367371,11.582918483363724,0.3309405280961064,1.2,"{'llm': np.float64(0.10232457025590122), 'training': np.float64(0.657461170524709), 'moe': np.float64(0.13513115891931168)}",21,0
22,19.210288829696346,16.008574024746956,14.293369664952639,0.40838199042721823,1.2,"{'llm': np.float64(0.2629210702241493), 'training': np.float64(0.6879679785162665), 'moe': np.float64(0.1401318546552596)}",22,0
23,19.20197883804406,16.001649031703383,14.28718663544945,0.4082053324414128,1.2,"{'llm': np.float64(0.0896258846909432), 'training': np.float64(0.7311226057630754), 'moe': np.float64(0.39952968129902705)}",23,0
24,21.984175308148366,18.32014609012364,16.35727329475325,0.46735066556437854,1.2,"{'llm': np.float64(0.08350793501277222), 'training': np.float64(0.8376685957175904), 'moe': np.float64(0.4944002663611672)}",0,1
25,17.981550031810663,14.984625026508887,13.379129487954362,0.38226084251298176,1.2,"{'llm': np.float64(0.09980148983374865), 'training': np.float64(0.7584228892940488), 'moe': np.float64(0.19485545430931403)}",1,1
26,26.945556732412147,22.454630610343457,20.0487773306638,0.5728222094475371,1.2,"{'llm': np.float64(0.5500749643323873), 'training': np.float64(0.7842277244194757), 'moe': np.float64(0.19550566973395905)}",2,1
27,18.97836469882083,15.815303915684026,14.120807067575022,0.4034516305021435,1.2,"{'llm': np.float64(0.11066202762782357), 'training': np.float64(0.8000758147343601), 'moe': np.float64(0.19578246778635017)}",3,1
28,18.409717027017535,15.341430855847948,13.697706121292809,0.3913630320369374,1.2,"{'llm': np.float64(0.10478963347180505), 'training': np.float64(0.7864478900488279), 'moe': np.float64(0.174340113143421)}",4,1
29,19.1535903123332,15.961325260277668,14.25118326810506,0.4071766648030017,1.2,"{'llm': np.float64(0.0667971136898371), 'training': np.float64(0.7806962963408891), 'moe': np.float64(0.34089650395355575)}",5,1
30,26.821534376052007,22.351278646710007,19.95649879170536,0.5701856797630103,1.2,"{'llm': np.float64(0.5673236353018152), 'training': np.float64(0.7547048165682552), 'moe': np.float64(0.20687149507491034)}",6,1
31,17.283055784044265,14.402546486703555,12.859416505985315,0.367411900171009,1.2,"{'llm': np.float64(0.11379260397312672), 'training': np.float64(0.7111478236470625), 'moe': np.float64(0.18717864561466646)}",7,1
32,16.47691060301828,13.730758835848567,12.25960610343622,0.3502744600981777,1.2,"{'llm': np.float64(0.0689228190671133), 'training': np.float64(0.7045434679502997), 'moe': np.float64(0.20443972645606245)}",8,1
33,15.065668160850135,12.554723467375114,11.209574524442065,0.3202735578412019,1.2,"{'llm': np.float64(0.0736647160035423), 'training': np.float64(0.6275121449082299), 'moe': np.float64(0.19901406738246502)}",9,1
34,16.521135890559062,13.767613242132553,12.292511823332635,0.35121462352378957,1.2,"{'llm': np.float64(0.13334869431882648), 'training': np.float64(0.6518948458347885), 'moe': np.float64(0.18558603731171763)}",10,1
35,18.122735715982756,15.102279763318965,13.484178360106217,0.38526223886017763,1.2,"{'llm': np.float64(0.1823865494750579), 'training': np.float64(0.6528923055232185), 'moe': np.float64(0.25575348430433514)}",11,1
36,17.86786386095666,14.889886550797216,13.2945415632118,0.37984404466319427,1.2,"{'llm': np.float64(0.2351850065110736), 'training': np.float64(0.645792504902611), 'moe': np.float64(0.13726520048860225)}",12,1
37,18.86077836223774,15.717315301864781,14.03331723380784,0.40095192096593824,1.2,"{'llm': np.float64(0.2781583305804439), 'training': np.float64(0.6578244920594163), 'moe': np.float64(0.13279395954997067)}",13,1
38,22.968629901836117,19.140524918196764,17.08975439124711,0.48827869689277453,1.2,"{'llm': np.float64(0.5023919115769202), 'training': np.float64(0.6471644109221177), 'moe': np.float64(0.14228083946579675)}",14,1
39,20.417038117990714,17.01419843165893,15.19124859969547,0.43403567427701345,1.2,"{'llm': np.float64(0.2943051318900387), 'training': np.float64(0.6602675320978033), 'moe': np.float64(0.26103304340938305)}",15,1
40,18.88920012545795,15.741000104548293,14.054464379060974,0.40155612511602784,1.2,"{'llm': np.float64(0.2819371622593743), 'training': np.float64(0.6498368582682077), 'moe': np.float64(0.14423258452497512)}",16,1
41,18.42582597599393,15.354854979994943,13.709691946424055,0.39170548418354445,1.2,"{'llm': np.float64(0.28703938131397455), 'training': np.float64(0.6238719771889862), 'moe': np.float64(0.13670470391180048)}",17,1
42,18.039141720777536,15.032618100647948,13.421980447007096,0.38348515562877417,1.2,"{'llm': np.float64(0.23412330789474628), 'training': np.float64(0.6538206480370999), 'moe': np.float64(0.14153786628017823)}",18,1
43,18.694704239267306,15.578920199389422,13.909750178026268,0.3974214336578934,1.2,"{'llm': np.float64(0.19144970136875092), 'training': np.float64(0.6527271437042342), 'moe': np.float64(0.2987534781434968)}",19,1
44,17.909335720245167,14.924446433537641,13.325398601372893,0.3807256743249398,1.2,"{'llm': np.float64(0.11989388204554427), 'training': np.float64(0.6195643338393068), 'moe': np.float64(0.4247119398549969)}",20,1
45,17.04093783319704,14.200781527664201,12.67926922112875,0.3622648348893929,1.2,"{'llm': np.float64(0.10261872647188401), 'training': np.float64(0.6544809071397278), 'moe': np.float64(0.2971249072237404)}",21,1
46,15.530124222646897,12.941770185539081,11.555151951374178,0.3301471986106908,1.2,"{'llm': np.float64(0.07085335082138029), 'training': np.float64(0.6944865788022769), 'moe': np.float64(0.1200561338061395)}",22,1
47,20.907846995753907,17.423205829794924,15.55643377660261,0.44446953647436027,1.2,"{'llm': np.float64(0.29525218948621995), 'training': np.float64(0.744331978925059), 'moe': np.float64(0.1431793455492437)}",23,1
48,17.83297578659838,14.860813155498649,13.268583174552363,0.3791023764157818,1.2,"{'llm': np.float64(0.11236242886919293), 'training': np.float64(0.7658059942527948), 'moe': np.float64(0.13917503583493346)}",0,2
49,19.8447451102906,16.537287591908832,14.765435349918597,0.42186958142624564,1.2,"{'llm': np.float64(0.09292021248679025), 'training': np.float64(0.7988817838602471), 'moe': np.float64(0.32574391443715345)}",1,2
50,27.34441524088146,22.78701270073455,20.345547054227275,0.5813013444064936,1.2,"{'llm': np.float64(0.47722066595749246), 'training': np.float64(0.8129780886157241), 'moe': np.float64(0.32610921288603506)}",2,2
51,18.783512563159668,15.652927135966392,13.975827799969991,0.39930936571342834,1.2,"{'llm': np.float64(0.09115489220850743), 'training': np.float64(0.8097874344492308), 'moe': np.float64(0.1946621752516651)}",3,2
52,18.829760044525564,15.691466703771303,14.010238128367233,0.4002925179533495,1.2,"{'llm': np.float64(0.11005790052454945), 'training': np.float64(0.7835962916858626), 'moe': np.float64(0.21415420534592336)}",4,2
53,17.962300669709645,14.968583891424705,13.364807045914914,0.38185162988328325,1.2,"{'llm': np.float64(0.09600662989007683), 'training': np.float64(0.7629701225916984), 'moe': np.float64(0.19130464445286538)}",5,2
54,17.82320693676032,14.852672447300268,13.261314685089523,0.37889470528827207,1.2,"{'llm': np.float64(0.06888673184824924), 'training': np.float64(0.7774476222138279), 'moe': np.float64(0.20180481831720604)}",6,2
55,17.23926709709614,14.366055914246783,12.82683563772034,0.36648101822058116,1.2,"{'llm': np.float64(0.10568975098534743), 'training': np.float64(0.7031308469672448), 'moe': np.float64(0.21476389519772118)}",7,2
56,16.653689360030985,13.878074466692487,12.39113791668972,0.35403251190542057,1.2,"{'llm': np.float64(0.101285975419418), 'training': np.float64(0.6773231990309344), 'moe': np.float64(0.21294421062639796)}",8,2
57,21.528983399012102,17.94081949917675,16.01858883855067,0.4576739668157334,1.2,"{'llm': np.float64(0.4074452655056586), 'training': np.float64(0.6340445428315512), 'moe': np.float64(0.20539021740424734)}",9,2
58,18.13403812322243,15.111698436018694,13.492587889302404,0.38550251112292583,1.2,"{'llm': np.float64(0.14278665746127786), 'training': np.float64(0.6286703535965354), 'moe': np.float64(0.38459853349900225)}",10,2
59,17.320336064733638,14.433613387278033,12.88715481006967,0.36820442314484775,1.2,"{'llm': np.float64(0.2172382864941214), 'training': np.float64(0.62736740508716), 'moe': np.float64(0.1518107325616756)}",11,2
60,18.229698293452348,15.191415244543624,13.563763611199663,0.3875361031771332,1.2,"{'llm': np.float64(0.24380115577171896), 'training': np.float64(0.648585034220293), 'moe': np.float64(0.15290813590164207)}",12,2
61,21.37009284404523,17.808410703371027,15.900366699438415,0.45429619141252614,1.2,"{'llm': np.float64(0.4202828892012863), 'training': np.float64(0.6430468985767694), 'moe': np.float64(0.14482138150651902)}",13,2
62,24.212884747076988,20.17740395589749,18.015539246337042,0.5147296927524869,1.2,"{'llm': np.float64(0.5738914744878924), 'training': np.float64(0.6444958843427318), 'moe': np.float64(0.13687374610118647)}",14,2
63,19.10775065765346,15.923125548044553,14.217076382182634,0.40620218234807526,1.2,"{'llm': np.float64(0.292412773351165), 'training': np.float64(0.6541826506370573), 'moe': np.float64(0.1378200637639318)}",15,2
64,19.44229879375829,16.201915661465243,14.465996126308251,0.4133141750373786,1.2,"{'llm': np.float64(0.31532045470358644), 'training': np.float64(0.6613293812580748), 'moe': np.float64(0.11327120326357037)}",16,2
65,18.46770959340891,15.389757994507423,13.74085535223877,0.392595867206822,1.2,"{'llm': np.float64(0.295866963559006), 'training': np.float64(0.6314375805143755), 'moe': np.float64(0.10837024788734692)}",17,2
66,20.810398178230347,17.341998481858624,15.483927215945199,0.44239792045557713,1.2,"{'llm': np.float64(0.3344298643236489), 'training': np.float64(0.6236159935600816), 'moe': np.float64(0.2958978865104246)}",18,2
67,18.842745589730217,15.702287991441848,14.019899992358791,0.4005685712102512,1.2,"{'llm': np.float64(0.18821349305240379), 'training': np.float64(0.6495197414314684), 'moe': np.float64(0.32737638708351163)}",19,2
68,24.54584852941969,20.454873774516408,18.26328015581822,0.5218080044519491,1.2,"{'llm': np.float64(0.6058915289567659), 'training': np.float64(0.6392261492595512), 'moe': np.float64(0.11880466582711108)}",20,2
69,15.160680208387033,12.633900173655862,11.280268012192733,0.32229337177693523,1.2,"{'llm': np.float64(0.10237354690668785), 'training': np.float64(0.6276218472172012), 'moe': np.float64(0.15147607063689805)}",21,2
70,15.69158631097874,13.076321925815618,11.675287433763943,0.33357964096468407,1.2,"{'llm': np.float64(0.09160567426326578), 'training': np.float64(0.678781665557576), 'moe': np.float64(0.12712352518173647)}",22,2
71,17.93073831399348,14.942281928327901,13.341323150292768,0.38118066143693624,1.2,"{'llm': np.float64(0.08386420815523113), 'training': np.float64(0.7111039582791591), 'moe': np.float64(0.31596697431590076)}",23,2
72,17.518646375120632,14.598871979267194,13.034707124345708,0.37242020355273453,1.2,"{'llm': np.float64(0.08992210994645286), 'training': np.float64(0.7549924120807752), 'moe': np.float64(0.17227197370921654)}",0,3
73,17.499689710508424,14.583074758757022,13.02060246317591,0.37201721323359743,1.2,"{'llm': np.float64(0.07137901513977818), 'training': np.float64(0.7717181794254421), 'moe': np.float64(0.17389167703754646)}",1,3
74,20.36585891821218,16.97154909851015,15.153168837955489,0.43294768108444254,1.2,"{'llm': np.float64(0.11432576243964898), 'training': np.float64(0.7814094717930509), 'moe': np.float64(0.3732679369568128)}",2,3
75,19.14086655208617,15.950722126738476,14.241716184587924,0.4069061767025121,1.2,"{'llm': np.float64(0.10983827123132126), 'training': np.float64(0.8012255694785128), 'moe': np.float64(0.21240320209289223)}",3,3
76,25.560021713619587,21.30001809468299,19.017873298824096,0.5433678085378313,1.2,"{'llm': np.float64(0.4566996477410684), 'training': np.float64(0.8029802932024727), 'moe': np.float64(0.19747916080207403)}",4,3
77,22.00806756085344,18.3400563007112,16.375050268492142,0.4678585790997755,1.2,"{'llm': np.float64(0.07899895468301421), 'training': np.float64(0.7629162520333865), 'moe': np.float64(0.6554624820660762)}",5,3
78,17.593930709429657,14.661608924524714,13.090722254039921,0.374020635829712,1.2,"{'llm': np.float64(0.09406191107113061), 'training': np.float64(0.7521940900825886), 'moe': np.float64(0.17759117684112136)}",6,3
79,18.19766526425045,15.164721053542042,13.539929512091108,0.3868551289168888,1.2,"{'llm': np.float64(0.07172073384694871), 'training': np.float64(0.7444980116194975), 'moe': np.float64(0.3018381536515512)}",7,3
80,16.88596255409164,14.071635461743035,12.563960233699138,0.35897029239140393,1.2,"{'llm': np.float64(0.08559204570736342), 'training': np.float64(0.7028875044287948), 'moe': np.float64(0.2178923616847032)}",8,3
81,23.358861257544305,19.465717714620254,17.38010510233951,0.4965744314954146,1.2,"{'llm': np.float64(0.42797956133030113), 'training': np.float64(0.6570914388379138), 'moe': np.float64(0.31273015714064306)}",9,3
82,16.977305818803494,14.147754849002911,12.631923972324026,0.36091211349497215,1.2,"{'llm': np.float64(0.1455052707099853), 'training': np.float64(0.6588600270406555), 'moe': np.float64(0.19582997197357888)}",10,3
83,17.012684077769062,14.17723673147422,12.65824708167341,0.36166420233352603,1.2,"{'llm': np.float64(0.18884722147124539), 'training': np.float64(0.6300688937082072), 'moe': np.float64(0.17048878130872483)}",11,3
84,18.51032929445998,15.425274412049982,13.772566439330339,0.3935018982665811,1.2,"{'llm': np.float64(0.2584711527129034), 'training': np.float64(0.6421776430556996), 'moe': np.float64(0.16621189979569964)}",12,3
85,22.998683360622522,19.165569467185435,17.11211559570128,0.48891758844860794,1.2,"{'llm': np.float64(0.4985823671441406), 'training': np.float64(0.6416730545988162), 'moe': np.float64(0.1640770987571257)}",13,3
86,22.70636459645789,18.921970497048243,16.894616515221642,0.48270332900633267,1.2,"{'llm': np.float64(0.4698886080609437), 'training': np.float64(0.6588382818380876), 'moe': np.float64(0.15606286523360066)}",14,3
87,26.771841688109518,22.3098680734246,19.919525065557675,0.5691292875873621,1.2,"{'llm': np.float64(0.7088398618641812), 'training': np.float64(0.647057381644265), 'moe': np.float64(0.13385195091991792)}",15,3
88,18.924239578250198,15.770199648541833,14.080535400483779,0.40230101144239366,1.2,"{'llm': np.float64(0.2851292231959003), 'training': np.float64(0.6604225280666816), 'moe': np.float64(0.12040155468680445)}",16,3
89,18.853798196765243,15.711498497304369,14.028123658307472,0.4008035330944992,1.2,"{'llm': np.float64(0.2942295017753229), 'training': np.float64(0.64431149160084), 'moe': np.float64(0.12693567872016967)}",17,3
90,24.767318287422242,20.6394319061852,18.42806420195107,0.5265161200557449,1.2,"{'llm': np.float64(0.6050434419296009), 'training': np.float64(0.645335752319143), 'moe': np.float64(0.13182221178123613)}",18,3
91,17.049069663384746,14.207558052820623,12.685319690018412,0.3624377054290975,1.2,"{'llm': np.float64(0.21627842564533883), 'training': np.float64(0.6206619022920379), 'moe': np.float64(0.138307871270734)}",19,3
92,24.886544371216566,20.738786976013806,18.51677408572661,0.5290506881636174,1.2,"{'llm': np.float64(0.6472614099947288), 'training': np.float64(0.6152316011502302), 'moe': np.float64(0.12026741852816962)}",20,3
93,15.203398631763543,12.669498859802953,11.312052553395493,0.3232015015255855,1.2,"{'llm': np.float64(0.11099278082063804), 'training': np.float64(0.6323476600948115), 'moe': np.float64(0.12932662579702844)}",21,3
94,15.444652769553477,12.870543974627898,11.49155712020348,0.3283302034343851,1.2,"{'llm': np.float64(0.08762197580663467), 'training': np.float64(0.6652303965417145), 'moe': np.float64(0.1359462724752274)}",22,3
95,17.413745305301454,14.511454421084546,12.9566557331112,0.37019016380317715,1.2,"{'llm': np.float64(0.08311969495583166), 'training': np.float64(0.7266132143959767), 'moe': np.float64(0.23148500031226898)}",23,3
96,27.856390499713257,23.21365874976105,20.726481026572362,0.5921851721877818,1.2,"{'llm': np.float64(0.39606470894318124), 'training': np.float64(0.7730397994618835), 'moe': np.float64(0.6227168441287789)}",0,4
97,20.21350262847583,16.844585523729858,15.03980850333023,0.4297088143808637,1.2,"{'llm': np.float64(0.0870381373469114), 'training': np.float64(0.7815460811709212), 'moe': np.float64(0.41137563486865314)}",1,4
98,18.00250094963856,15.0020841246988,13.394717968481071,0.38270622767088774,1.2,"{'llm': np.float64(0.08543670855490482), 'training': np.float64(0.7773557620745606), 'moe': np.float64(0.18794619709550758)}",2,4
99,23.15700703371838,19.297505861431983,17.229915947707127,0.4922833127916322,1.2,"{'llm': np.float64(0.35918434372646457), 'training': np.float64(0.7839272331027167), 'moe': np.float64(0.17519341029979824)}",3,4
100,28.55752961056059,23.797941342133825,21.248161912619484,0.6070903403605566,1.2,"{'llm': np.float64(0.6335156724369838), 'training': np.float64(0.7797973469770422), 'moe': np.float64(0.20882566297473157)}",4,4
101,17.837674778647074,14.864728982205897,13.27207944839812,0.379202269954232,1.2,"{'llm': np.float64(0.08398462040836334), 'training': np.float64(0.7669672466466542), 'moe': np.float64(0.19410761566112478)}",5,4
102,17.938589338850026,14.948824449041688,13.347164686644362,0.3813475624755532,1.2,"{'llm': np.float64(0.08680632645676584), 'training': np.float64(0.7755597503379557), 'moe': np.float64(0.18200565878832264)}",6,4
103,17.15538586569127,14.296154888076057,12.764424007210764,0.3646978287774504,1.2,"{'llm': np.float64(0.08937155991247568), 'training': np.float64(0.7349927627973659), 'moe': np.float64(0.1747604984675686)}",7,4
104,17.059480672777184,14.216233893980988,12.693065976768738,0.36265902790767823,1.2,"{'llm': np.float64(0.09208171073304335), 'training': np.float64(0.6693054314880635), 'moe': np.float64(0.29052085509617737)}",8,4
105,18.88841411343543,15.740345094529525,14.053879548687075,0.40153941567677354,1.2,"{'llm': np.float64(0.17212680418258233), 'training': np.float64(0.6155497914329241), 'moe': np.float64(0.43234388715285443)}",9,4
106,17.306321191841104,14.421934326534254,12.876727077262725,0.36790648792179215,1.2,"{'llm': np.float64(0.13850892588400424), 'training': np.float64(0.6173482983387528), 'moe': np.float64(0.3278179911634464)}",10,4
107,16.97612189395595,14.146768244963292,12.631043075860081,0.36088694502457375,1.2,"{'llm': np.float64(0.18778363582324747), 'training': np.float64(0.6298560857811589), 'moe': np.float64(0.16915528191405585)}",11,4
108,22.016521528955707,18.347101274129756,16.381340423330137,0.46803829780943246,1.2,"{'llm': np.float64(0.26033391101541287), 'training': np.float64(0.625747018929538), 'moe': np.float64(0.5680296291572604)}",12,4
109,18.41858229792922,15.348818581607683,13.704302305006857,0.39155149442876735,1.2,"{'llm': np.float64(0.28541094498202324), 'training': np.float64(0.6187568890867906), 'moe': np.float64(0.1494218040062091)}",13,4
110,19.200002913481793,16.000002427901496,14.285716453483476,0.408163327242385,1.2,"{'llm': np.float64(0.28958579045089167), 'training': np.float64(0.6559551158837101), 'moe': np.float64(0.14973482354272136)}",14,4
111,18.456030486064297,15.38002540505358,13.73216554022641,0.3923475868636117,1.2,"{'llm': np.float64(0.3045115333434543), 'training': np.float64(0.6195791036663318), 'moe': np.float64(0.11355666029848618)}",15,4
112,18.829639222072874,15.691366018394064,14.010148230708984,0.4002899494488281,1.2,"{'llm': np.float64(0.2901447121686021), 'training': np.float64(0.642095047368918), 'moe': np.float64(0.1369702281691005)}",16,4
113,20.35720178942657,16.96433482452214,15.146727521894768,0.4327636434827076,1.2,"{'llm': np.float64(0.279804503130268), 'training': np.float64(0.6574597825782661), 'moe': np.float64(0.2892896459964696)}",17,4
114,18.64621616750281,15.538513472919009,13.873672743677686,0.39639064981936245,1.2,"{'llm': np.float64(0.25971223381800146), 'training': np.float64(0.6622133244556718), 'moe': np.float64(0.13810213254946566)}",18,4
115,16.120365458078627,13.43363788173219,11.994319537260884,0.34269484392173954,1.2,"{'llm': np.float64(0.1859550236621628), 'training': np.float64(0.6168503817357748), 'moe': np.float64(0.10786340881282243)}",19,4
116,23.820476798925547,19.850397332437957,17.723569046819602,0.5063876870519887,1.2,"{'llm': np.float64(0.5658463485135916), 'training': np.float64(0.641974564618767), 'moe': np.float64(0.11629660899522595)}",20,4
117,17.96425375430271,14.970211461918927,13.366260233856183,0.3818931495387481,1.2,"{'llm': np.float64(0.10929888741180938), 'training': np.float64(0.6266479737376818), 'moe': np.float64(0.43757202539475804)}",21,4
118,16.24020570474542,13.533504753954517,12.08348638745939,0.34524246821312543,1.2,"{'llm': np.float64(0.10335941444655634), 'training': np.float64(0.6804048282315988), 'moe': np.float64(0.15868385570931692)}",22,4
119,16.70436628182244,13.920305234852034,12.428843959689315,0.3551098274196947,1.2,"{'llm': np.float64(0.1034136706932259), 'training': np.float64(0.7160678501138537), 'moe': np.float64(0.13658609548431427)}",23,4
120,23.471107181285323,19.559255984404437,17.463621414646816,0.49896061184705187,1.2,"{'llm': np.float64(0.5177407217104654), 'training': np.float64(0.6645526417281722), 'moe': np.float64(0.1302163323579841)}",0,5
121,15.857559275736778,13.214632729780648,11.798779223018435,0.3371079778005267,1.2,"{'llm': np.float64(0.062412694393253206), 'training': np.float64(0.6760967056354613), 'moe': np.float64(0.20852108894520427)}",1,5
122,15.977720916414288,13.31476743034524,11.888185205665392,0.33966243444758265,1.2,"{'llm': np.float64(0.09863658870675629), 'training': np.float64(0.6807527521192563), 'moe': np.float64(0.13953349058588796)}",2,5
123,15.532051353591953,12.943376127993295,11.55658582856544,0.33018816653044114,1.2,"{'llm': np.float64(0.06252431045350876), 'training': np.float64(0.6939792236783378), 'moe': np.float64(0.13793376438851243)}",3,5
124,17.607033156992085,14.672527630826737,13.100471098952443,0.3742991742557841,1.2,"{'llm': np.float64(0.09568929424817128), 'training': np.float64(0.7001113035076352), 'moe': np.float64(0.2798946757673072)}",4,5
125,15.115367760617529,12.596139800514608,11.246553393316614,0.32133009695190323,1.2,"{'llm': np.float64(0.06269088074113115), 'training': np.float64(0.6664264516567688), 'moe': np.float64(0.14841581996371606)}",5,5
126,15.399712827263489,12.833094022719575,11.458119663142476,0.32737484751835644,1.2,"{'llm': np.float64(0.0647800021294353), 'training': np.float64(0.6596039262348194), 'moe': np.float64(0.18810638086327255)}",6,5
127,14.240878103419181,11.867398419515984,10.595891445996413,0.3027397555998975,1.2,"{'llm': np.float64(0.08426209903195109), 'training': np.float64(0.5913493379955707), 'moe': np.float64(0.16247590394444403)}",7,5
128,17.146449643502322,14.288708036251936,12.7577750323678,0.3645078580676514,1.2,"{'llm': np.float64(0.08767100568442925), 'training': np.float64(0.5582517009293253), 'moe': np.float64(0.5306938771107478)}",8,5
129,13.673591126225203,11.394659271854335,10.173802921298513,0.2906800834656718,1.2,"{'llm': np.float64(0.07978659819978956), 'training': np.float64(0.562931499317758), 'moe': np.float64(0.1679642222932639)}",9,5
130,14.731386881371424,12.276155734476188,10.960853334353738,0.3131672381243925,1.2,"{'llm': np.float64(0.14106390959879006), 'training': np.float64(0.5608506664181836), 'moe': np.float64(0.16200703858801505)}",10,5
131,15.091569912284672,12.576308260237228,11.228846660926095,0.32082419031217413,1.2,"{'llm': np.float64(0.17838583197788208), 'training': np.float64(0.5630435379599464), 'moe': np.float64(0.1212622116852137)}",11,5
132,17.241395345796093,14.367829454830078,12.828419156098283,0.3665262616028081,1.2,"{'llm': np.float64(0.18416205381547096), 'training': np.float64(0.5561754128145804), 'moe': np.float64(0.35195637475393765)}",12,5
133,16.026240740949696,13.355200617458081,11.924286265587572,0.34069389330250205,1.2,"{'llm': np.float64(0.2551448434768935), 'training': np.float64(0.531990179053208), 'moe': np.float64(0.12919942145230706)}",13,5
134,15.633780221152225,13.028150184293521,11.63227695026207,0.33235077000748775,1.2,"{'llm': np.float64(0.2292667919339466), 'training': np.float64(0.5460633289338056), 'moe': np.float64(0.11109360830193431)}",14,5
135,16.70179549474725,13.918162912289374,12.42693117168694,0.3550551763339126,1.2,"{'llm': np.float64(0.27660140527550087), 'training': np.float64(0.5658614243618226), 'moe': np.float64(0.090350222394916)}",15,5
136,16.252044223550545,13.54337018629212,12.092294809189392,0.3454941374054112,1.2,"{'llm': np.float64(0.2593263644248628), 'training': np.float64(0.5481085230088137), 'moe': np.float64(0.11260091215970293)}",16,5
137,22.357632771530287,18.631360642941907,16.63514343119813,0.47528981231994655,1.2,"{'llm': np.float64(0.580477331296972), 'training': np.float64(0.5575203708903897), 'moe': np.float64(0.1004536572250091)}",17,5
138,17.5669165155374,14.639097096281168,13.070622407393898,0.3734463544969685,1.2,"{'llm': np.float64(0.22757478544968426), 'training': np.float64(0.5415693512164839), 'moe': np.float64(0.3289434991525061)}",18,5
139,13.992246130527489,11.660205108772908,10.410897418547238,0.29745421195849253,1.2,"{'llm': np.float64(0.15441297634991047), 'training': np.float64(0.5265528945890451), 'moe': np.float64(0.12533931791455163)}",19,5
140,13.422340451291115,11.185283709409262,9.986860454829698,0.28533887013799136,1.2,"{'llm': np.float64(0.12962549693400421), 'training': np.float64(0.5327107601174336), 'moe': np.float64(0.10202183658708124)}",20,5
141,11.971619370176038,9.976349475146698,8.907454888523837,0.25449871110068106,1.2,"{'llm': np.float64(0.06299773029455433), 'training': np.float64(0.5205567041442256), 'moe': np.float64(0.10538468662584542)}",21,5
142,13.26624116970242,11.055200974752017,9.870715156028586,0.2820204330293882,1.2,"{'llm': np.float64(0.07516049533457786), 'training': np.float64(0.5634756659190989), 'moe': np.float64(0.13282984263958708)}",22,5
143,17.223042836294802,14.352535696912335,12.814764015100298,0.36613611471715135,1.2,"{'llm': np.float64(0.09373916140584439), 'training': np.float64(0.6183110160815709), 'moe': np.float64(0.40658021861092597)}",23,5
144,15.117272736583404,12.59772728048617,11.247970786148365,0.32137059388995326,1.2,"{'llm': np.float64(0.07301529474497313), 'training': np.float64(0.6397462495784425), 'moe': np.float64(0.18132988080293488)}",0,6
145,22.33588556094161,18.61323796745134,16.618962470938694,0.474827499169677,1.2,"{'llm': np.float64(0.44639277874959665), 'training': np.float64(0.6797855747741439), 'moe': np.float64(0.1217807888009036)}",1,6
146,19.19565861241074,15.99638217700895,14.282484086615133,0.4080709739032895,1.2,"{'llm': np.float64(0.05674650892090874), 'training': np.float64(0.6996990420386707), 'moe': np.float64(0.5274637675972884)}",2,6
147,18.08468922364058,15.070574353033818,13.455869958065907,0.3844534273733116,1.2,"{'llm': np.float64(0.07738558216923556), 'training': np.float64(0.6725313465604591), 'moe': np.float64(0.4224332794071687)}",3,6
148,15.14661924092479,12.62218270077066,11.269805982830945,0.32199445665231274,1.2,"{'llm': np.float64(0.0615075122122405), 'training': np.float64(0.6555943043920334), 'moe': np.float64(0.17576865005301595)}",4,6
149,27.092035089375923,22.57669590781327,20.157764203404703,0.5759361200972772,1.2,"{'llm': np.float64(0.5983253873126568), 'training': np.float64(0.6775207106020094), 'moe': np.float64(0.3279884046570536)}",5,6
150,16.174226604340884,13.47852217028407,12.034394794896489,0.34383985128275685,1.2,"{'llm': np.float64(0.08807947608776659), 'training': np.float64(0.6181841264408988), 'moe': np.float64(0.3066720513564533)}",6,6
151,15.287165809989068,12.739304841657557,11.374379322908531,0.32498226636881516,1.2,"{'llm': np.float64(0.08746008891361319), 'training': np.float64(0.6368166958028372), 'moe': np.float64(0.17635776241117518)}",7,6
152,16.52890573644837,13.774088113706975,12.298292958666941,0.35137979881905546,1.2,"{'llm': np.float64(0.08551141212156456), 'training': np.float64(0.5557320152442332), 'moe': np.float64(0.47441213936368165)}",8,6
153,12.664016568000939,10.553347140000783,9.422631375000698,0.26921803928573423,1.2,"{'llm': np.float64(0.07005193814923015), 'training': np.float64(0.5210054595706242), 'moe': np.float64(0.1639754009889623)}",9,6
154,14.510452652054914,12.09204387671243,10.796467747064668,0.3084705070589905,1.2,"{'llm': np.float64(0.13396208257155676), 'training': np.float64(0.5626711619040831), 'moe': np.float64(0.14908604634367278)}",10,6
155,14.593493069683722,12.161244224736436,10.858253772086103,0.31023582205960293,1.2,"{'llm': np.float64(0.17036751642966813), 'training': np.float64(0.5295331094502833), 'moe': np.float64(0.15137785853811175)}",11,6
156,18.135591652476865,15.112993043730722,13.493743789045286,0.3855355368298653,1.2,"{'llm': np.float64(0.18429694469816169), 'training': np.float64(0.5644516260332821), 'moe': np.float64(0.43018054268643896)}",12,6
157,18.306554292578106,15.255461910481756,13.62094813435871,0.3891699466959631,1.2,"{'llm': np.float64(0.23182640227200682), 'training': np.float64(0.5486475425717464), 'moe': np.float64(0.38490184379230896)}",13,6
158,17.36344907029114,14.469540891909283,12.919232939204715,0.3691209411201347,1.2,"{'llm': np.float64(0.23046144302851618), 'training': np.float64(0.541689477069182), 'moe': np.float64(0.3013028654052772)}",14,6
159,15.967393896929082,13.306161580774235,11.880501411405566,0.33944289746873046,1.2,"{'llm': np.float64(0.23183357134667715), 'training': np.float64(0.5521902263810903), 'moe': np.float64(0.12916689188811725)}",15,6
160,16.27696442647191,13.564137022059926,12.110836626839218,0.34602390362397767,1.2,"{'llm': np.float64(0.2531854782124363), 'training': np.float64(0.5292920605018384), 'moe': np.float64(0.16516444069133876)}",16,6
161,18.88966873730973,15.741390614424777,14.05481304859355,0.40156608710267283,1.2,"{'llm': np.float64(0.3963809511322936), 'training': np.float64(0.5683315061479424), 'moe': np.float64(0.07840552095289216)}",17,6
162,15.092929158302898,12.577440965252416,11.229858004689657,0.32085308584827593,1.2,"{'llm': np.float64(0.20967455733257373), 'training': np.float64(0.541736992781693), 'moe': np.float64(0.101442329012846)}",18,6
163,13.665207627495633,11.387673022913027,10.167565199029488,0.2905018628294139,1.2,"{'llm': np.float64(0.14773256273781565), 'training': np.float64(0.5343964970795596), 'moe': np.float64(0.0882511945123191)}",19,6
164,14.324734303051619,11.93727858587635,10.65828445167531,0.30452241290500887,1.2,"{'llm': np.float64(0.14619480185616346), 'training': np.float64(0.5526301059112564), 'moe': np.float64(0.12496224899020435)}",20,6
165,13.3268189022134,11.105682418511167,9.915787873670684,0.2833082249620196,1.2,"{'llm': np.float64(0.08613129761130824), 'training': np.float64(0.5662307109737013), 'moe': np.float64(0.11181710764007874)}",21,6
166,13.451599063605876,11.20966588633823,10.008630255659133,0.2859608644474038,1.2,"{'llm': np.float64(0.0949452492239359), 'training': np.float64(0.5557187431187847), 'moe': np.float64(0.12847633755157803)}",22,6
167,13.599111212077055,11.33259267673088,10.118386318509712,0.28909675195742035,1.2,"{'llm': np.float64(0.06228375761988586), 'training': np.float64(0.606693220282708), 'moe': np.float64(0.10752980398191382)}",23,6
